system:index,date,ndvi,.geo
20220316T090659_20220316T090918_T34SFG,2022-03-16,0.3223560649359644,"{""type"":""MultiPoint"",""coordinates"":[]}"
20220324T092031_20220324T092342_T34SFG,2022-03-24,0.3377926606495706,"{""type"":""MultiPoint"",""coordinates"":[]}"
20220326T090609_20220326T090940_T34SFG,2022-03-26,0.3302145958318942,"{""type"":""MultiPoint"",""coordinates"":[]}"
20220329T092029_20220329T092025_T34SFG,2022-03-29,0.31739225956904027,"{""type"":""MultiPoint"",""coordinates"":[]}"
20220403T092031_20220403T092830_T34SFG,2022-04-03,0.32724688921641065,"{""type"":""MultiPoint"",""coordinates"":[]}"
20220405T090549_20220405T090736_T34SFG,2022-04-05,0.27657683145528345,"{""type"":""MultiPoint"",""coordinates"":[]}"
20220408T092029_20220408T092025_T34SFG,2022-04-08,0.27128829004680516,"{""type"":""MultiPoint"",""coordinates"":[]}"
20220410T090601_20220410T091334_T34SFG,2022-04-10,0.1699811457501467,"{""type"":""MultiPoint"",""coordinates"":[]}"
20220413T092031_20220413T092342_T34SFG,2022-04-13,0.1346659887507114,"{""type"":""MultiPoint"",""coordinates"":[]}"
20220415T090549_20220415T091049_T34SFG,2022-04-15,0.13394978285072745,"{""type"":""MultiPoint"",""coordinates"":[]}"
20220420T090601_20220420T091003_T34SFG,2022-04-20,0.12707434436305115,"{""type"":""MultiPoint"",""coordinates"":[]}"
20220425T090549_20220425T091050_T34SFG,2022-04-25,0.1474143539042214,"{""type"":""MultiPoint"",""coordinates"":[]}"
20220428T092019_20220428T092021_T34SFG,2022-04-28,0.1149492980803375,"{""type"":""MultiPoint"",""coordinates"":[]}"
20220503T092031_20220503T092344_T34SFG,2022-05-03,0.0888728323699422,"{""type"":""MultiPoint"",""coordinates"":[]}"
20220505T090549_20220505T091048_T34SFG,2022-05-05,0.11903394505100004,"{""type"":""MultiPoint"",""coordinates"":[]}"
20220508T092029_20220508T092024_T34SFG,2022-05-08,-0.011451791651274473,"{""type"":""MultiPoint"",""coordinates"":[]}"
20220513T092031_20220513T092032_T34SFG,2022-05-13,0.13865976789247453,"{""type"":""MultiPoint"",""coordinates"":[]}"
20220515T090559_20220515T091052_T34SFG,2022-05-15,0.14644008773328357,"{""type"":""MultiPoint"",""coordinates"":[]}"
20220518T092029_20220518T092027_T34SFG,2022-05-18,0.16702312315592388,"{""type"":""MultiPoint"",""coordinates"":[]}"
20220520T090601_20220520T091059_T34SFG,2022-05-20,0.14563574821981193,"{""type"":""MultiPoint"",""coordinates"":[]}"
20220523T092041_20220523T092035_T34SFG,2022-05-23,0.18246022344478569,"{""type"":""MultiPoint"",""coordinates"":[]}"
20220525T090559_20220525T091053_T34SFG,2022-05-25,0.19225306543955992,"{""type"":""MultiPoint"",""coordinates"":[]}"
20220528T092029_20220528T092028_T34SFG,2022-05-28,0.21574800797281657,"{""type"":""MultiPoint"",""coordinates"":[]}"
20220530T090601_20220530T091101_T34SFG,2022-05-30,0.2098851409900666,"{""type"":""MultiPoint"",""coordinates"":[]}"
20220602T092041_20220602T092930_T34SFG,2022-06-02,0.22388998651010997,"{""type"":""MultiPoint"",""coordinates"":[]}"
20220607T092029_20220607T092029_T34SFG,2022-06-07,0.2548096254565115,"{""type"":""MultiPoint"",""coordinates"":[]}"
20220609T090601_20220609T091019_T34SFG,2022-06-09,0.2646598634086837,"{""type"":""MultiPoint"",""coordinates"":[]}"
20220612T092041_20220612T092038_T34SFG,2022-06-12,0.25958842459601933,"{""type"":""MultiPoint"",""coordinates"":[]}"
20220614T090559_20220614T091056_T34SFG,2022-06-14,0.26738497468709166,"{""type"":""MultiPoint"",""coordinates"":[]}"
20220617T092029_20220617T092032_T34SFG,2022-06-17,0.254883017942811,"{""type"":""MultiPoint"",""coordinates"":[]}"
20220619T090611_20220619T091105_T34SFG,2022-06-19,0.2167509713898642,"{""type"":""MultiPoint"",""coordinates"":[]}"
20220622T092041_20220622T092041_T34SFG,2022-06-22,0.24519071007520724,"{""type"":""MultiPoint"",""coordinates"":[]}"
20220624T090559_20220624T091058_T34SFG,2022-06-24,0.22940400713721398,"{""type"":""MultiPoint"",""coordinates"":[]}"
20220627T092039_20220627T092033_T34SFG,2022-06-27,0.24113454376160467,"{""type"":""MultiPoint"",""coordinates"":[]}"
20220629T090611_20220629T091106_T34SFG,2022-06-29,0.24320075841086639,"{""type"":""MultiPoint"",""coordinates"":[]}"
20220702T092041_20220702T092041_T34SFG,2022-07-02,0.24304022097046082,"{""type"":""MultiPoint"",""coordinates"":[]}"
20220704T090559_20220704T091058_T34SFG,2022-07-04,0.24510257160259907,"{""type"":""MultiPoint"",""coordinates"":[]}"
20220707T092039_20220707T092033_T34SFG,2022-07-07,0.2431509678882,"{""type"":""MultiPoint"",""coordinates"":[]}"
20220712T092041_20220712T092041_T34SFG,2022-07-12,0.23925327718438483,"{""type"":""MultiPoint"",""coordinates"":[]}"
20220714T090559_20220714T091727_T34SFG,2022-07-14,0.2393719876404905,"{""type"":""MultiPoint"",""coordinates"":[]}"
20220717T091559_20220717T091944_T34SFG,2022-07-17,0.23532552398494738,"{""type"":""MultiPoint"",""coordinates"":[]}"
20220719T090611_20220719T091105_T34SFG,2022-07-19,0.23529991902480932,"{""type"":""MultiPoint"",""coordinates"":[]}"
20220722T092041_20220722T092039_T34SFG,2022-07-22,0.2353144687340657,"{""type"":""MultiPoint"",""coordinates"":[]}"
20220724T090559_20220724T091058_T34SFG,2022-07-24,0.23138056122097644,"{""type"":""MultiPoint"",""coordinates"":[]}"
20220727T091559_20220727T091945_T34SFG,2022-07-27,0.23538413814113454,"{""type"":""MultiPoint"",""coordinates"":[]}"
20220729T090601_20220729T091913_T34SFG,2022-07-29,0.2256799686121349,"{""type"":""MultiPoint"",""coordinates"":[]}"
20220801T092041_20220801T092038_T34SFG,2022-08-01,0.23143512759749912,"{""type"":""MultiPoint"",""coordinates"":[]}"
20220803T090559_20220803T091101_T34SFG,2022-08-03,0.22398101828542186,"{""type"":""MultiPoint"",""coordinates"":[]}"
20220806T091559_20220806T091944_T34SFG,2022-08-06,0.2316755726811108,"{""type"":""MultiPoint"",""coordinates"":[]}"
20220808T090611_20220808T091108_T34SFG,2022-08-08,0.22370321156417852,"{""type"":""MultiPoint"",""coordinates"":[]}"
20220811T091611_20220811T092919_T34SFG,2022-08-11,0.23142703171681783,"{""type"":""MultiPoint"",""coordinates"":[]}"
20220813T090559_20220813T091056_T34SFG,2022-08-13,0.23135748522880326,"{""type"":""MultiPoint"",""coordinates"":[]}"
20220816T091559_20220816T091942_T34SFG,2022-08-16,0.2353851060074632,"{""type"":""MultiPoint"",""coordinates"":[]}"
20220818T090611_20220818T091020_T34SFG,2022-08-18,0.2353434316492302,"{""type"":""MultiPoint"",""coordinates"":[]}"
20220821T091611_20220821T091952_T34SFG,2022-08-21,0.23529375560794405,"{""type"":""MultiPoint"",""coordinates"":[]}"
20220826T091549_20220826T091816_T34SFG,2022-08-26,0.25092558424005557,"{""type"":""MultiPoint"",""coordinates"":[]}"
20220828T090611_20220828T091109_T34SFG,2022-08-28,0.2331205699540244,"{""type"":""MultiPoint"",""coordinates"":[]}"
20220831T091611_20220831T091952_T34SFG,2022-08-31,0.24048403659415102,"{""type"":""MultiPoint"",""coordinates"":[]}"
20220902T090559_20220902T091054_T34SFG,2022-09-02,0.21387925601761243,"{""type"":""MultiPoint"",""coordinates"":[]}"
20220910T091601_20220910T091950_T34SFG,2022-09-10,0.2557568538931556,"{""type"":""MultiPoint"",""coordinates"":[]}"
20220912T090559_20220912T091034_T34SFG,2022-09-12,0.2607851098573019,"{""type"":""MultiPoint"",""coordinates"":[]}"
20220915T092029_20220915T092030_T34SFG,2022-09-15,0.26274532344425067,"{""type"":""MultiPoint"",""coordinates"":[]}"
20220917T090631_20220917T091127_T34SFG,2022-09-17,0.25297310622639047,"{""type"":""MultiPoint"",""coordinates"":[]}"
20220920T092041_20220920T092119_T34SFG,2022-09-20,0.2628413946018346,"{""type"":""MultiPoint"",""coordinates"":[]}"
20220922T090659_20220922T091658_T34SFG,2022-09-22,0.2645649476478839,"{""type"":""MultiPoint"",""coordinates"":[]}"
20220925T092029_20220925T092936_T34SFG,2022-09-25,0.2763320737510439,"{""type"":""MultiPoint"",""coordinates"":[]}"
20220930T092041_20220930T092230_T34SFG,2022-09-30,0.267567397787228,"{""type"":""MultiPoint"",""coordinates"":[]}"
20221002T090709_20221002T090929_T34SFG,2022-10-02,0.2673606068982416,"{""type"":""MultiPoint"",""coordinates"":[]}"
20221005T092029_20221005T092026_T34SFG,2022-10-05,0.2703873171285316,"{""type"":""MultiPoint"",""coordinates"":[]}"
20221005T092029_20221005T092952_T34SFG,2022-10-05,0.27425409119750366,"{""type"":""MultiPoint"",""coordinates"":[]}"
20221007T090851_20221007T091339_T34SFG,2022-10-07,0.27125064428380424,"{""type"":""MultiPoint"",""coordinates"":[]}"
20221010T092031_20221010T092338_T34SFG,2022-10-10,0.25503004479523533,"{""type"":""MultiPoint"",""coordinates"":[]}"
20221012T090819_20221012T090925_T34SFG,2022-10-12,0.23519782230134015,"{""type"":""MultiPoint"",""coordinates"":[]}"
20221017T090941_20221017T091337_T34SFG,2022-10-17,0.27133010769326127,"{""type"":""MultiPoint"",""coordinates"":[]}"
20221020T092031_20221020T092341_T34SFG,2022-10-20,0.2516161526927141,"{""type"":""MultiPoint"",""coordinates"":[]}"
20221022T090929_20221022T091019_T34SFG,2022-10-22,0.263674707215347,"{""type"":""MultiPoint"",""coordinates"":[]}"
20221025T092029_20221025T092027_T34SFG,2022-10-25,0.24525675403758226,"{""type"":""MultiPoint"",""coordinates"":[]}"
20221027T091101_20221027T091337_T34SFG,2022-10-27,0.2402257521320742,"{""type"":""MultiPoint"",""coordinates"":[]}"
20221030T092121_20221030T092342_T34SFG,2022-10-30,0.24043559404711443,"{""type"":""MultiPoint"",""coordinates"":[]}"
20221101T091029_20221101T091117_T34SFG,2022-11-01,0.2322340936119388,"{""type"":""MultiPoint"",""coordinates"":[]}"
20221104T092049_20221104T092047_T34SFG,2022-11-04,0.22949167848617633,"{""type"":""MultiPoint"",""coordinates"":[]}"
20221109T092211_20221109T092343_T34SFG,2022-11-09,0.22745097699760106,"{""type"":""MultiPoint"",""coordinates"":[]}"
20221111T091119_20221111T091212_T34SFG,2022-11-11,0.21782518255636096,"{""type"":""MultiPoint"",""coordinates"":[]}"
20221114T092139_20221114T092139_T34SFG,2022-11-14,0.13373095736552154,"{""type"":""MultiPoint"",""coordinates"":[]}"
20221116T091241_20221116T091336_T34SFG,2022-11-16,0.21573365169819905,"{""type"":""MultiPoint"",""coordinates"":[]}"
20221121T091209_20221121T091256_T34SFG,2022-11-21,0.11607286560310448,"{""type"":""MultiPoint"",""coordinates"":[]}"
20221124T092219_20221124T092222_T34SFG,2022-11-24,0.18940096324096112,"{""type"":""MultiPoint"",""coordinates"":[]}"
20221209T092401_20221209T092358_T34SFG,2022-12-09,0.15917441617724176,"{""type"":""MultiPoint"",""coordinates"":[]}"
20221211T091259_20221211T091331_T34SFG,2022-12-11,0.1022332132112508,"{""type"":""MultiPoint"",""coordinates"":[]}"
20221221T091309_20221221T091332_T34SFG,2022-12-21,0.21781335058750625,"{""type"":""MultiPoint"",""coordinates"":[]}"
20221224T092319_20221224T092315_T34SFG,2022-12-24,0.20104356272167057,"{""type"":""MultiPoint"",""coordinates"":[]}"
20221226T091401_20221226T091404_T34SFG,2022-12-26,0.19329555432385187,"{""type"":""MultiPoint"",""coordinates"":[]}"
20221229T092411_20221229T092406_T34SFG,2022-12-29,0.15832772505388998,"{""type"":""MultiPoint"",""coordinates"":[]}"
20230103T092309_20230103T092304_T34SFG,2023-01-03,0.21293172837056198,"{""type"":""MultiPoint"",""coordinates"":[]}"
20230105T091351_20230105T091352_T34SFG,2023-01-05,0.1948850614109208,"{""type"":""MultiPoint"",""coordinates"":[]}"
20230108T092351_20230108T092351_T34SFG,2023-01-08,0.2014072524664425,"{""type"":""MultiPoint"",""coordinates"":[]}"
20230113T092239_20230113T092236_T34SFG,2023-01-13,0.2207139135163974,"{""type"":""MultiPoint"",""coordinates"":[]}"
20230115T091321_20230115T091331_T34SFG,2023-01-15,0.18248611406544915,"{""type"":""MultiPoint"",""coordinates"":[]}"
20230120T091209_20230120T091301_T34SFG,2023-01-20,0.26750043892947223,"{""type"":""MultiPoint"",""coordinates"":[]}"
20230128T092241_20230128T092336_T34SFG,2023-01-28,0.24407605455167775,"{""type"":""MultiPoint"",""coordinates"":[]}"
20230130T091129_20230130T091214_T34SFG,2023-01-30,0.24917589158917086,"{""type"":""MultiPoint"",""coordinates"":[]}"
20230202T092109_20230202T092111_T34SFG,2023-02-02,0.24018830188890952,"{""type"":""MultiPoint"",""coordinates"":[]}"
20230212T092029_20230212T092710_T34SFG,2023-02-12,0.24788747911084055,"{""type"":""MultiPoint"",""coordinates"":[]}"
20230214T091051_20230214T091332_T34SFG,2023-02-14,0.24835547487927914,"{""type"":""MultiPoint"",""coordinates"":[]}"
20230217T092041_20230217T092335_T34SFG,2023-02-17,0.22830904048565479,"{""type"":""MultiPoint"",""coordinates"":[]}"
20230219T091019_20230219T091022_T34SFG,2023-02-19,0.22864720682731565,"{""type"":""MultiPoint"",""coordinates"":[]}"
20230222T092029_20230222T092028_T34SFG,2023-02-22,0.22181128484852325,"{""type"":""MultiPoint"",""coordinates"":[]}"
20230224T090941_20230224T091331_T34SFG,2023-02-24,0.22116033561580575,"{""type"":""MultiPoint"",""coordinates"":[]}"
20230304T092029_20230304T092417_T34SFG,2023-03-04,0.25948893370806614,"{""type"":""MultiPoint"",""coordinates"":[]}"
20230306T090831_20230306T091330_T34SFG,2023-03-06,0.2518864693185528,"{""type"":""MultiPoint"",""coordinates"":[]}"
20230309T092021_20230309T092023_T34SFG,2023-03-09,0.2597338002670911,"{""type"":""MultiPoint"",""coordinates"":[]}"
20230314T092029_20230314T092607_T34SFG,2023-03-14,0.26770475143820355,"{""type"":""MultiPoint"",""coordinates"":[]}"
20230319T092031_20230319T092026_T34SFG,2023-03-19,0.2792790409208886,"{""type"":""MultiPoint"",""coordinates"":[]}"
20230324T092029_20230324T092710_T34SFG,2023-03-24,0.2756103497361145,"{""type"":""MultiPoint"",""coordinates"":[]}"
20230326T090611_20230326T091116_T34SFG,2023-03-26,0.24773125682376865,"{""type"":""MultiPoint"",""coordinates"":[]}"
20230329T092031_20230329T092026_T34SFG,2023-03-29,0.22438447890082547,"{""type"":""MultiPoint"",""coordinates"":[]}"
20230331T090559_20230331T091038_T34SFG,2023-03-31,0.194015896770931,"{""type"":""MultiPoint"",""coordinates"":[]}"
20230413T092029_20230413T092028_T34SFG,2023-04-13,0.14634327165864686,"{""type"":""MultiPoint"",""coordinates"":[]}"
20230415T090551_20230415T091049_T34SFG,2023-04-15,0.13114984423833118,"{""type"":""MultiPoint"",""coordinates"":[]}"
20230420T090559_20230420T091055_T34SFG,2023-04-20,0.13467774773788985,"{""type"":""MultiPoint"",""coordinates"":[]}"
20230425T090551_20230425T091049_T34SFG,2023-04-25,0.10736724605327208,"{""type"":""MultiPoint"",""coordinates"":[]}"
20230428T092031_20230428T092028_T34SFG,2023-04-28,0.11538495903502952,"{""type"":""MultiPoint"",""coordinates"":[]}"
20230430T090559_20230430T091055_T34SFG,2023-04-30,0.10781383372972599,"{""type"":""MultiPoint"",""coordinates"":[]}"
20230513T092029_20230513T092031_T34SFG,2023-05-13,0.14378499369882675,"{""type"":""MultiPoint"",""coordinates"":[]}"
20230515T090551_20230515T091053_T34SFG,2023-05-15,0.1648354298246559,"{""type"":""MultiPoint"",""coordinates"":[]}"
20230518T092031_20230518T092920_T34SFG,2023-05-18,0.15924728667545573,"{""type"":""MultiPoint"",""coordinates"":[]}"
20230525T090601_20230525T091013_T34SFG,2023-05-25,0.20577508099412353,"{""type"":""MultiPoint"",""coordinates"":[]}"
20230528T092031_20230528T092032_T34SFG,2023-05-28,0.17683464354695957,"{""type"":""MultiPoint"",""coordinates"":[]}"
20230530T090559_20230530T091053_T34SFG,2023-05-30,0.22752582907048222,"{""type"":""MultiPoint"",""coordinates"":[]}"
20230604T090601_20230604T091053_T34SFG,2023-06-04,0.2547795632595005,"{""type"":""MultiPoint"",""coordinates"":[]}"
20230614T090601_20230614T091056_T34SFG,2023-06-14,0.2830248858776781,"{""type"":""MultiPoint"",""coordinates"":[]}"
20230619T090559_20230619T091056_T34SFG,2023-06-19,0.30279385407258996,"{""type"":""MultiPoint"",""coordinates"":[]}"
20230622T091559_20230622T092612_T34SFG,2023-06-22,0.2716140512771351,"{""type"":""MultiPoint"",""coordinates"":[]}"
20230624T090601_20230624T091055_T34SFG,2023-06-24,0.24815581313744797,"{""type"":""MultiPoint"",""coordinates"":[]}"
20230627T092031_20230627T092821_T34SFG,2023-06-27,0.30975170075320707,"{""type"":""MultiPoint"",""coordinates"":[]}"
20230629T090559_20230629T091459_T34SFG,2023-06-29,0.2594703681396862,"{""type"":""MultiPoint"",""coordinates"":[]}"
20230702T091559_20230702T091943_T34SFG,2023-07-02,0.2481439987801434,"{""type"":""MultiPoint"",""coordinates"":[]}"
20230704T090601_20230704T091054_T34SFG,2023-07-04,0.24019044546733068,"{""type"":""MultiPoint"",""coordinates"":[]}"
20230707T092031_20230707T092033_T34SFG,2023-07-07,0.24030496201368487,"{""type"":""MultiPoint"",""coordinates"":[]}"
20230709T090559_20230709T091057_T34SFG,2023-07-09,0.2404458641067838,"{""type"":""MultiPoint"",""coordinates"":[]}"
20230712T091559_20230712T091940_T34SFG,2023-07-12,0.24909511129402193,"{""type"":""MultiPoint"",""coordinates"":[]}"
20230714T090601_20230714T091057_T34SFG,2023-07-14,0.23177732733481002,"{""type"":""MultiPoint"",""coordinates"":[]}"
20230717T092031_20230717T092817_T34SFG,2023-07-17,0.22549786050846926,"{""type"":""MultiPoint"",""coordinates"":[]}"
20230719T090559_20230719T091058_T34SFG,2023-07-19,0.2235445542586324,"{""type"":""MultiPoint"",""coordinates"":[]}"
20230722T091559_20230722T091941_T34SFG,2023-07-22,0.221816819726318,"{""type"":""MultiPoint"",""coordinates"":[]}"
20230724T090601_20230724T091054_T34SFG,2023-07-24,0.21961086075193273,"{""type"":""MultiPoint"",""coordinates"":[]}"
20230727T092031_20230727T092902_T34SFG,2023-07-27,0.22739741411911146,"{""type"":""MultiPoint"",""coordinates"":[]}"
20230729T090559_20230729T091058_T34SFG,2023-07-29,0.2196285768066828,"{""type"":""MultiPoint"",""coordinates"":[]}"
20230801T091559_20230801T091943_T34SFG,2023-08-01,0.22172608597529786,"{""type"":""MultiPoint"",""coordinates"":[]}"
20230803T090601_20230803T091014_T34SFG,2023-08-03,0.21797539800676946,"{""type"":""MultiPoint"",""coordinates"":[]}"
20230806T092031_20230806T092037_T34SFG,2023-08-06,0.2216182044788246,"{""type"":""MultiPoint"",""coordinates"":[]}"
20230808T090559_20230808T091452_T34SFG,2023-08-08,0.2215523837925978,"{""type"":""MultiPoint"",""coordinates"":[]}"
20230811T091559_20230811T092042_T34SFG,2023-08-11,0.2508926075386621,"{""type"":""MultiPoint"",""coordinates"":[]}"
20230813T090601_20230813T091738_T34SFG,2023-08-13,0.23724785799826129,"{""type"":""MultiPoint"",""coordinates"":[]}"
20230816T092031_20230816T092942_T34SFG,2023-08-16,0.23324210765622896,"{""type"":""MultiPoint"",""coordinates"":[]}"
20230818T090559_20230818T091720_T34SFG,2023-08-18,0.2313869140083787,"{""type"":""MultiPoint"",""coordinates"":[]}"
20230821T091559_20230821T092555_T34SFG,2023-08-21,0.2313469375851401,"{""type"":""MultiPoint"",""coordinates"":[]}"
20230828T090559_20230828T091557_T34SFG,2023-08-28,0.2313285973622935,"{""type"":""MultiPoint"",""coordinates"":[]}"
20230831T091559_20230831T092417_T34SFG,2023-08-31,0.2331981236629219,"{""type"":""MultiPoint"",""coordinates"":[]}"
20230902T090601_20230902T091850_T34SFG,2023-09-02,0.2371631641571068,"{""type"":""MultiPoint"",""coordinates"":[]}"
20230910T091559_20230910T092927_T34SFG,2023-09-10,0.2530111201993148,"{""type"":""MultiPoint"",""coordinates"":[]}"
20230912T090601_20230912T091843_T34SFG,2023-09-12,0.2590515814774341,"{""type"":""MultiPoint"",""coordinates"":[]}"
20230915T092031_20230915T092828_T34SFG,2023-09-15,0.25193564930643614,"{""type"":""MultiPoint"",""coordinates"":[]}"
20230917T090629_20230917T091535_T34SFG,2023-09-17,0.2675111882367115,"{""type"":""MultiPoint"",""coordinates"":[]}"
20230922T090701_20230922T091334_T34SFG,2023-09-22,0.27826353608263293,"{""type"":""MultiPoint"",""coordinates"":[]}"
20230925T092031_20230925T092341_T34SFG,2023-09-25,0.2958511167667507,"{""type"":""MultiPoint"",""coordinates"":[]}"
20230927T090659_20230927T090954_T34SFG,2023-09-27,0.35723929545543653,"{""type"":""MultiPoint"",""coordinates"":[]}"
20231002T090811_20231002T091334_T34SFG,2023-10-02,0.34578204658415007,"{""type"":""MultiPoint"",""coordinates"":[]}"
20231005T092031_20231005T092029_T34SFG,2023-10-05,0.32218302761394374,"{""type"":""MultiPoint"",""coordinates"":[]}"
20231007T090749_20231007T090930_T34SFG,2023-10-07,0.33407193099298055,"{""type"":""MultiPoint"",""coordinates"":[]}"
20231010T091819_20231010T092813_T34SFG,2023-10-10,0.3186616763421799,"{""type"":""MultiPoint"",""coordinates"":[]}"
20231012T090911_20231012T091329_T34SFG,2023-10-12,0.3301978853243988,"{""type"":""MultiPoint"",""coordinates"":[]}"
20231015T092031_20231015T092337_T34SFG,2023-10-15,0.30276684787519426,"{""type"":""MultiPoint"",""coordinates"":[]}"
20231017T090859_20231017T090944_T34SFG,2023-10-17,0.25949102945906016,"{""type"":""MultiPoint"",""coordinates"":[]}"
20231020T091919_20231020T092952_T34SFG,2023-10-20,0.2874610373892279,"{""type"":""MultiPoint"",""coordinates"":[]}"
20231027T091019_20231027T091112_T34SFG,2023-10-27,0.25209445940243297,"{""type"":""MultiPoint"",""coordinates"":[]}"
20231030T092029_20231030T092030_T34SFG,2023-10-30,0.22089876431036895,"{""type"":""MultiPoint"",""coordinates"":[]}"
20231101T091121_20231101T091331_T34SFG,2023-11-01,0.1415929203539823,"{""type"":""MultiPoint"",""coordinates"":[]}"
20231106T091059_20231106T091149_T34SFG,2023-11-06,0.22481098873409824,"{""type"":""MultiPoint"",""coordinates"":[]}"
20231109T092119_20231109T092748_T34SFG,2023-11-09,0.14560340014206158,"{""type"":""MultiPoint"",""coordinates"":[]}"
20231111T091221_20231111T091331_T34SFG,2023-11-11,0.12198708363410238,"{""type"":""MultiPoint"",""coordinates"":[]}"
20231116T091149_20231116T091237_T34SFG,2023-11-16,0.1699274092697858,"{""type"":""MultiPoint"",""coordinates"":[]}"
20231119T092159_20231119T092200_T34SFG,2023-11-19,0.2202349553514152,"{""type"":""MultiPoint"",""coordinates"":[]}"
20231121T091301_20231121T091328_T34SFG,2023-11-21,0.1394509460482656,"{""type"":""MultiPoint"",""coordinates"":[]}"
20231126T091219_20231126T091314_T34SFG,2023-11-26,0.21648245204187813,"{""type"":""MultiPoint"",""coordinates"":[]}"
20231206T091249_20231206T091329_T34SFG,2023-12-06,0.216878662710922,"{""type"":""MultiPoint"",""coordinates"":[]}"
20231214T092401_20231214T092401_T34SFG,2023-12-14,0.18565596223870687,"{""type"":""MultiPoint"",""coordinates"":[]}"
20231219T092319_20231219T092315_T34SFG,2023-12-19,0.1972641715952341,"{""type"":""MultiPoint"",""coordinates"":[]}"
20231226T091309_20231226T091334_T34SFG,2023-12-26,0.20501956462714838,"{""type"":""MultiPoint"",""coordinates"":[]}"
20240103T092401_20240103T092359_T34SFG,2024-01-03,0.20499372299456964,"{""type"":""MultiPoint"",""coordinates"":[]}"
20240105T091259_20240105T091331_T34SFG,2024-01-05,0.20458169558584638,"{""type"":""MultiPoint"",""coordinates"":[]}"
20240118T092229_20240118T092224_T34SFG,2024-01-18,0.22486400732970413,"{""type"":""MultiPoint"",""coordinates"":[]}"
20240123T092301_20240123T092256_T34SFG,2024-01-23,0.23251666576326124,"{""type"":""MultiPoint"",""coordinates"":[]}"
20240202T092211_20240202T092332_T34SFG,2024-02-02,0.2244707841062787,"{""type"":""MultiPoint"",""coordinates"":[]}"
20240204T091059_20240204T091149_T34SFG,2024-02-04,0.21719990201953623,"{""type"":""MultiPoint"",""coordinates"":[]}"
20240207T092049_20240207T092047_T34SFG,2024-02-07,0.22740789379104462,"{""type"":""MultiPoint"",""coordinates"":[]}"
20240209T091131_20240209T091329_T34SFG,2024-02-09,0.22101638425367995,"{""type"":""MultiPoint"",""coordinates"":[]}"
20240212T092111_20240212T092334_T34SFG,2024-02-12,0.20012144064208665,"{""type"":""MultiPoint"",""coordinates"":[]}"
20240217T092029_20240217T092029_T34SFG,2024-02-17,0.22767948457504145,"{""type"":""MultiPoint"",""coordinates"":[]}"
20240219T091021_20240219T091331_T34SFG,2024-02-19,0.22054316246501654,"{""type"":""MultiPoint"",""coordinates"":[]}"
20240224T090859_20240224T090942_T34SFG,2024-02-24,0.259813223378816,"{""type"":""MultiPoint"",""coordinates"":[]}"
20240308T091719_20240308T092520_T34SFG,2024-03-08,0.27142429472400265,"{""type"":""MultiPoint"",""coordinates"":[]}"
20240310T090801_20240310T091300_T34SFG,2024-03-10,0.27130598361481745,"{""type"":""MultiPoint"",""coordinates"":[]}"
20240313T092031_20240313T092944_T34SFG,2024-03-13,0.28252008701038456,"{""type"":""MultiPoint"",""coordinates"":[]}"
20240315T090659_20240315T091000_T34SFG,2024-03-15,0.29565040150602057,"{""type"":""MultiPoint"",""coordinates"":[]}"
20240318T091659_20240318T092802_T34SFG,2024-03-18,0.29944812293264017,"{""type"":""MultiPoint"",""coordinates"":[]}"
20240323T092031_20240323T092633_T34SFG,2024-03-23,0.31484325473979297,"{""type"":""MultiPoint"",""coordinates"":[]}"
20240325T090619_20240325T091156_T34SFG,2024-03-25,0.17653113741636645,"{""type"":""MultiPoint"",""coordinates"":[]}"
20240328T091559_20240328T092545_T34SFG,2024-03-28,0.29846538203614165,"{""type"":""MultiPoint"",""coordinates"":[]}"
20240330T090551_20240330T090741_T34SFG,2024-03-30,0.2949012712150492,"{""type"":""MultiPoint"",""coordinates"":[]}"
20240402T092031_20240402T092026_T34SFG,2024-04-02,0.2020964061687932,"{""type"":""MultiPoint"",""coordinates"":[]}"
20240407T091549_20240407T091916_T34SFG,2024-04-07,0.1229232472226696,"{""type"":""MultiPoint"",""coordinates"":[]}"
20240409T090551_20240409T091049_T34SFG,2024-04-09,0.12683022673625555,"{""type"":""MultiPoint"",""coordinates"":[]}"
20240412T092031_20240412T092644_T34SFG,2024-04-12,0.11517063146274863,"{""type"":""MultiPoint"",""coordinates"":[]}"
20240414T090559_20240414T091053_T34SFG,2024-04-14,0.11132178998445608,"{""type"":""MultiPoint"",""coordinates"":[]}"
20240419T090601_20240419T091056_T34SFG,2024-04-19,0.11535344061218335,"{""type"":""MultiPoint"",""coordinates"":[]}"
20240429T090601_20240429T091052_T34SFG,2024-04-29,0.13091927743411258,"{""type"":""MultiPoint"",""coordinates"":[]}"
20240502T092031_20240502T092031_T34SFG,2024-05-02,0.13184097566421205,"{""type"":""MultiPoint"",""coordinates"":[]}"
20240504T090559_20240504T091053_T34SFG,2024-05-04,0.1514322553424903,"{""type"":""MultiPoint"",""coordinates"":[]}"
20240512T092031_20240512T092031_T34SFG,2024-05-12,0.17676196044439282,"{""type"":""MultiPoint"",""coordinates"":[]}"
20240519T090601_20240519T091833_T34SFG,2024-05-19,0.19033801756089597,"{""type"":""MultiPoint"",""coordinates"":[]}"
20240522T092031_20240522T092222_T34SFG,2024-05-22,0.21004611999689657,"{""type"":""MultiPoint"",""coordinates"":[]}"
20240524T090559_20240524T091219_T34SFG,2024-05-24,0.20008080279153284,"{""type"":""MultiPoint"",""coordinates"":[]}"
20240527T091549_20240527T091935_T34SFG,2024-05-27,0.22765936526288633,"{""type"":""MultiPoint"",""coordinates"":[]}"
20240529T090641_20240529T091319_T34SFG,2024-05-29,0.20213211249182125,"{""type"":""MultiPoint"",""coordinates"":[]}"
20240601T092031_20240601T092032_T34SFG,2024-06-01,0.1961222250088551,"{""type"":""MultiPoint"",""coordinates"":[]}"
20240608T090601_20240608T090812_T34SFG,2024-06-08,0.19442191284061625,"{""type"":""MultiPoint"",""coordinates"":[]}"
20240611T092031_20240611T092034_T34SFG,2024-06-11,0.2040851111906881,"{""type"":""MultiPoint"",""coordinates"":[]}"
20240616T091559_20240616T091938_T34SFG,2024-06-16,0.20025732335504423,"{""type"":""MultiPoint"",""coordinates"":[]}"
20240618T090601_20240618T090751_T34SFG,2024-06-18,0.19248861320285274,"{""type"":""MultiPoint"",""coordinates"":[]}"
20240621T092031_20240621T092033_T34SFG,2024-06-21,0.20421322403145395,"{""type"":""MultiPoint"",""coordinates"":[]}"
20240623T090559_20240623T091055_T34SFG,2024-06-23,0.19801940161703768,"{""type"":""MultiPoint"",""coordinates"":[]}"
20240626T091559_20240626T092557_T34SFG,2024-06-26,0.20023061719614843,"{""type"":""MultiPoint"",""coordinates"":[]}"
20240628T090601_20240628T091844_T34SFG,2024-06-28,0.17262831419216335,"{""type"":""MultiPoint"",""coordinates"":[]}"
20240701T092031_20240701T092031_T34SFG,2024-07-01,0.19827747493852965,"{""type"":""MultiPoint"",""coordinates"":[]}"
20240701T092031_20240701T092957_T34SFG,2024-07-01,0.20400278342646014,"{""type"":""MultiPoint"",""coordinates"":[]}"
20240703T090559_20240703T091056_T34SFG,2024-07-03,0.19847471341413112,"{""type"":""MultiPoint"",""coordinates"":[]}"
20240706T091559_20240706T091941_T34SFG,2024-07-06,0.21018907285955218,"{""type"":""MultiPoint"",""coordinates"":[]}"
20240708T090601_20240708T091038_T34SFG,2024-07-08,0.2002080959568053,"{""type"":""MultiPoint"",""coordinates"":[]}"
20240711T092031_20240711T092715_T34SFG,2024-07-11,0.20021926299727782,"{""type"":""MultiPoint"",""coordinates"":[]}"
20240713T090559_20240713T091054_T34SFG,2024-07-13,0.20043646063855264,"{""type"":""MultiPoint"",""coordinates"":[]}"
20240716T091559_20240716T091941_T34SFG,2024-07-16,0.20225835921699234,"{""type"":""MultiPoint"",""coordinates"":[]}"
20240718T090551_20240718T090952_T34SFG,2024-07-18,0.198262428276548,"{""type"":""MultiPoint"",""coordinates"":[]}"
20240721T092031_20240721T092557_T34SFG,2024-07-21,0.20210658942070334,"{""type"":""MultiPoint"",""coordinates"":[]}"
20240723T090559_20240723T091226_T34SFG,2024-07-23,0.19819681270238043,"{""type"":""MultiPoint"",""coordinates"":[]}"
20240726T091559_20240726T092926_T34SFG,2024-07-26,0.2177239702919969,"{""type"":""MultiPoint"",""coordinates"":[]}"
20240728T090601_20240728T091208_T34SFG,2024-07-28,0.1983476988664308,"{""type"":""MultiPoint"",""coordinates"":[]}"
20240731T092031_20240731T092030_T34SFG,2024-07-31,0.20598237371948375,"{""type"":""MultiPoint"",""coordinates"":[]}"
20240802T090559_20240802T091053_T34SFG,2024-08-02,0.21182118426444987,"{""type"":""MultiPoint"",""coordinates"":[]}"
20240805T091559_20240805T092259_T34SFG,2024-08-05,0.20620709871721857,"{""type"":""MultiPoint"",""coordinates"":[]}"
20240807T090551_20240807T091734_T34SFG,2024-08-07,0.20409107114925507,"{""type"":""MultiPoint"",""coordinates"":[]}"
20240810T092031_20240810T092029_T34SFG,2024-08-10,0.21196943023939643,"{""type"":""MultiPoint"",""coordinates"":[]}"
20240812T090559_20240812T091556_T34SFG,2024-08-12,0.2042963348431911,"{""type"":""MultiPoint"",""coordinates"":[]}"
20240815T091559_20240815T092731_T34SFG,2024-08-15,0.20611041857637954,"{""type"":""MultiPoint"",""coordinates"":[]}"
20240817T090551_20240817T090858_T34SFG,2024-08-17,0.20414548555402362,"{""type"":""MultiPoint"",""coordinates"":[]}"
20240822T090549_20240822T091439_T34SFG,2024-08-22,0.20411876798284814,"{""type"":""MultiPoint"",""coordinates"":[]}"
20240825T091549_20240825T092714_T34SFG,2024-08-25,0.20592344108220337,"{""type"":""MultiPoint"",""coordinates"":[]}"
20240827T090551_20240827T090804_T34SFG,2024-08-27,0.20201456591247816,"{""type"":""MultiPoint"",""coordinates"":[]}"
20240906T090551_20240906T091831_T34SFG,2024-09-06,0.2024110602471328,"{""type"":""MultiPoint"",""coordinates"":[]}"
20240911T090559_20240911T091531_T34SFG,2024-09-11,0.24157786839851522,"{""type"":""MultiPoint"",""coordinates"":[]}"
20240914T092029_20240914T092212_T34SFG,2024-09-14,0.2219425519782755,"{""type"":""MultiPoint"",""coordinates"":[]}"
20240916T090621_20240916T091733_T34SFG,2024-09-16,0.19042897019602012,"{""type"":""MultiPoint"",""coordinates"":[]}"
20240919T092031_20240919T092850_T34SFG,2024-09-19,0.23936623065657986,"{""type"":""MultiPoint"",""coordinates"":[]}"
20240926T090731_20240926T091934_T34SFG,2024-09-26,0.21389305160948371,"{""type"":""MultiPoint"",""coordinates"":[]}"
20240929T092031_20240929T092222_T34SFG,2024-09-29,0.12255965292841649,"{""type"":""MultiPoint"",""coordinates"":[]}"
20241001T090709_20241001T090931_T34SFG,2024-10-01,0.22380434568020657,"{""type"":""MultiPoint"",""coordinates"":[]}"
20241004T092029_20241004T092322_T34SFG,2024-10-04,0.21418085685534713,"{""type"":""MultiPoint"",""coordinates"":[]}"
